n,worldX,worldY,worldZ,tileX,tileZ,floor,chunkX,chunkZ,localX,localZ
1,1274624,1669,3881216,2489,7580,0,38,118,57,28
2,1688320,2005,1630464,3297,3184,1,51,49,33,48
3,1253120,8228,3897976,2447,7613,7,38,118,15,61
4,5788928,4933,1662720,11306,3247,176,50,42,47
5,5789440,4933,1662208,11307,3246,176,50,43,46
6,5795584,4933,1660672,11319,3243,176,50,55,43
7,5791488,4933,1658624,11311,3239,176,50,47,39
8,5788076,2949,1650944,11304,3224,176,50,40,24
9,5794560,2949,1647872,11317,3218,176,50,53,18
10,5790976,2949,1645312,11310,3213,176,50,46,13
11,5790976,2949,1644300,11310,3211,176,50,46,11
12,5783296,261,1652480,11295,3227,176,50,31,27
13,5784320,261,1649920,11297,3222,176,50,33,22
14,5773305,261,1654777,11275,3231,176,50,11,31
15,5777059,261,1651456,11283,3225,176,50,19,25
16,5779526,261,1654714,11288,3231,176,50,24,31
17,5768448,261,1649920,11266,3222,176,50,2,22
18,5776640,261,1646643,11282,3216,176,50,18,16
19,5768448,261,1645312,11266,3213,176,50,2,13
20,5768960,261,1639924,11267,3202,176,50,3,2
21,5768960,261,1640697,11267,3204,176,50,3,4
22,5779692,261,1638636,11288,3200,176,50,24,0
23,5773522,261,1636648,11276,3196,176,49,12,60
24,5778176,2181,1619712,11285,3163,176,49,21,27
25,5774592,1221,1619200,11278,3162,176,49,14,26
26,5781248,2181,1628416,11291,3180,176,49,27,44
27,5788416,2181,1628416,11305,3180,176,49,41,44
28,5795800,2181,1634855,11319,3193,176,49,55,57
29,5793536,2181,1626368,11315,3176,176,49,51,40
30,5789952,2181,1628416,11308,3180,176,49,44,44
31,5782784,2181,1626368,11294,3176,176,49,30,40
32,5795584,2181,1623296,11319,3170,176,49,55,34
33,5795584,2181,1623296,11319,3170,176,49,55,34
34,5784832,2181,1608448,11298,3141,176,49,34,5
35,5787640,2181,1612544,11303,3149,176,49,39,13
36,5786134,2181,1609238,11301,3143,176,49,37,7
37,5787392,2181,1611854,11303,3148,176,49,39,12
38,5794557,2181,1616132,11317,3156,176,49,53,20
