tag,rank,vertices,texture,animated,tileX,tileZ,dx,dz,originY,boxW,boxH,fingerprint,mouseX,mouseY
2,1,26187,73,0,11307,3247,8,4,4933,94,109,b940405f,829,396
2,2,984,73,0,11296,3232,-3,-11,0,317,704,d26d94e3,829,396
2,3,5319,73,0,11296,3232,-3,-11,0,313,823,a397d219,829,396
2,4,21132,73,1,11306,3247,7,4,4933,654,452,097a78c6,829,396
2,5,3660,73,0,11296,3248,-3,5,0,1322,542,103772fa,829,396
2,6,240,73,0,11296,3232,-3,-11,0,2420,1526,88f95b65,829,396
2,7,23220,73,0,11296,3232,-3,-11,0,2298,1688,7a5c4012,829,396
2,8,3963,73,1,11306,3247,7,4,4933,25172,21036,574fabd1,829,396
3,1,26187,73,0,11307,3247,8,4,4933,94,110,b940405f,828,404
3,2,984,73,0,11296,3232,-3,-11,0,319,708,d26d94e3,828,404
3,3,5319,73,0,11296,3232,-3,-11,0,315,827,a397d219,828,404
3,4,21132,73,1,11306,3247,7,4,4933,594,576,097a78c6,828,404
3,5,3660,73,0,11296,3248,-3,5,0,1325,542,103772fa,828,404
3,6,150,73,0,11296,3232,-3,-11,0,1335,1023,ae1ab4d3,828,404
3,7,3963,73,1,11306,3247,7,4,4933,737,4875,574fabd1,828,404
3,8,240,73,0,11296,3232,-3,-11,0,2432,1533,88f95b65,828,404
4,1,3444,73,0,11310,3239,11,-4,4928,54,99,9f69f595,832,397
4,2,5319,73,0,11296,3232,-3,-11,0,329,730,a397d219,832,397
4,3,984,73,0,11296,3232,-3,-11,0,374,725,d26d94e3,832,397
4,4,21132,73,1,11311,3239,12,-4,4933,578,601,097a78c6,832,397
4,5,13980,73,0,11296,3232,-3,-11,0,1036,343,5838778f,832,397
4,6,150,73,0,11296,3232,-3,-11,0,1085,699,ae1ab4d3,832,397
4,7,3963,73,1,11311,3239,12,-4,4933,730,2464,574fabd1,832,397
4,8,23220,73,0,11296,3232,-3,-11,0,1726,1214,7a5c4012,832,397
5,1,3456,73,1,11297,3221,-2,-22,256,48,60,d77d3421,834,387
5,2,21132,73,1,11297,3222,-2,-21,261,636,499,097a78c6,834,387
5,3,29412,73,0,11296,3216,-3,-27,0,969,816,bae1507a,834,387
5,4,162,73,0,11296,3216,-3,-27,0,1242,864,8dac1611,834,387
5,5,11064,73,0,11296,3216,-3,-27,0,1211,979,387ec5f6,834,387
5,6,129,73,0,11280,3216,-19,-27,0,1608,1572,4b429879,834,387
5,7,40410,73,0,11280,3216,-19,-27,0,1888,2103,3b89e4ef,834,387
5,8,10383,73,0,11280,3216,-19,-27,0,2087,2168,62a3068f,834,387
6,1,3456,73,0,11297,3221,-2,-22,256,72,68,d77d3421,844,380
6,2,21132,73,1,11297,3222,-2,-21,261,750,665,097a78c6,844,380
6,3,29412,73,0,11296,3216,-3,-27,0,1260,1064,bae1507a,844,380
6,4,162,73,0,11296,3216,-3,-27,0,1635,1132,8dac1611,844,380
6,5,11064,73,0,11296,3216,-3,-27,0,1684,1292,387ec5f6,844,380
6,6,129,73,0,11280,3216,-19,-27,0,1704,1614,4b429879,844,380
6,7,40410,73,0,11280,3216,-19,-27,0,2107,2439,3b89e4ef,844,380
6,8,3963,73,1,11297,3222,-2,-21,261,1149,5831,574fabd1,844,380
7,1,3444,73,0,11277,3232,-22,-11,256,48,85,9f69f595,724,393
7,2,21132,73,1,11276,3232,-23,-11,261,592,372,097a78c6,724,393
7,3,9456,73,0,11264,3232,-35,-11,0,878,402,f16d0e19,724,393
7,4,285,73,0,11264,3216,-35,-27,0,735,516,3c7af6ff,724,393
7,5,12162,73,0,11264,3216,-35,-27,0,754,585,4bd0773f,724,393
7,6,27966,73,0,11264,3216,-35,-27,0,1099,798,37ce743b,724,393
7,7,7209,73,0,11264,3232,-35,-11,0,1649,556,43f499f8,724,393
7,8,4791,73,0,11264,3216,-35,-27,0,1176,816,d72df765,724,393
8,1,3264,73,0,11277,3232,-22,-11,256,76,93,8eaac06a,712,394
8,2,6144,73,0,11282,3230,-17,-13,261,486,441,7552c143,712,394
8,3,21132,73,1,11276,3232,-23,-11,261,520,626,097a78c6,712,394
8,4,9456,73,0,11264,3232,-35,-11,0,912,482,f16d0e19,712,394
8,5,90,73,0,11264,3232,-35,-11,0,981,507,4849aafb,712,394
8,6,285,73,0,11264,3216,-35,-27,0,791,701,3c7af6ff,712,394
8,7,12162,73,0,11264,3216,-35,-27,0,807,777,4bd0773f,712,394
8,8,7209,73,0,11264,3232,-35,-11,0,1672,686,43f499f8,712,394
